platform,title,company,location,url,date,salary,description,source_api,job_type,id,relevance_score
Google Jobs,Senior Software Engineer(Sr. Full Stack . Net Developer/Architect),Caterpillar,"Bengaluru, Karnataka",https://www.google.com/search?ibp=htl;jobs&q=Software+Developer+India&htidocid=XyhM10u2bj7x8TmhAAAAAA%3D%3D&hl=en-IN&shndl=37&shmd=H4sIAAAAAAAA_xWNvWpCQRBGSesjpBqwSULYlUCaWJkfLQI2t0wh4zLu3TiZWWbnGkvfwQfyXXyS3DQfnAOHb3K5mXx1JEUNOt35LxrBh-QiRHbXWYDlwAydY9pDgDU5vNOBWCtZXFjqi1Pye7iezvCtW2iEowQVWKlmptt5717bS4ytccjN0UsKSX-iCm31GMeo_c-m9eN1ZXTaPD3PjqFKfpi-jWi1MKNBEXglyciDDY_wiSbouMc_I5LH38IAAAA&shmds=v1_ATWGeeNyOzpBYpCJuDu_EZUJ0ay86wawX1lvyjctRrZ66AbEtw&source=sh/x/job/li/m1/1#fpstate=tldetail&htivrt=jobs&htiq=Software+Developer+India&htidocid=XyhM10u2bj7x8TmhAAAAAA%3D%3D,16 hours ago,Not specified,"Career Area: Technology, Digital and Data Job Description: Your Work Shapes the World at Caterpillar Inc. When you join Caterpillar, you're joining a global team who cares not just about the work we do – but also about each other. We are the makers, problem solvers, and future world builders who are creating stronger, more sustainable communities. ",Google Jobs,Full–time,e9f5e19f,0.8
Google Jobs,Software Developer(Immediate Joiners Preferred),Tata Nexarc,"Gurugram, Haryana",https://www.google.com/search?ibp=htl;jobs&q=Software+Developer+India&htidocid=RiDUKBscJvAjPkBmAAAAAA%3D%3D&hl=en-IN&shndl=37&shmd=H4sIAAAAAAAA_xXNsQ3CMBCFYdFmBKorAaEYIdFAi0SgQEjQR0dycYxsX3R2IHTswBSsxSSY5nX_97LPKCvO3MQHCsGW7mS5I5nsnaPaYCQ4sPEkAU5CDYlQPYXv6w03vkIglKoF9rBj1pbGmzbGLqyVCsHmOkSMpsordoo9XXlQKQr_KUOb7jqb_HK5Wgx55_UMLhgRjjQkFEwye-m1oJtDgfJEjz90DahKrAAAAA&shmds=v1_ATWGeePhqbZxPKfoTVCmUai9Dui4i37MPCvO2V1IowqbZ7_siw&source=sh/x/job/li/m1/1#fpstate=tldetail&htivrt=jobs&htiq=Software+Developer+India&htidocid=RiDUKBscJvAjPkBmAAAAAA%3D%3D,2 days ago,Not specified,"Dear Candidate, We have an exciting opportunity at our company Tata Business Hub for a Software Developer role, and based on your experience and skill set, we believe this role could be a great fit for you. Company Details : Tata Business Hub is a digital first B2B organization setup by TATA Group to holistically address the needs of Emerging Busin",Google Jobs,Full–time,7bc343ef,0.8
Google Jobs,Software Developer (Microsoft Technologies & Cloud),MBiG IT SERVICES PVT. LTD.,"Ahmedabad, Gujarat",https://www.google.com/search?ibp=htl;jobs&q=Software+Developer+India&htidocid=VI-MbHPQhG2VnF23AAAAAA%3D%3D&hl=en-IN&shndl=37&shmd=H4sIAAAAAAAA_xWNMWrDMBhG6ZojdPqmkpQgh0KXdGoSYwI2lNpkDbL811KQ9Rv9Spsxd8h5cpmepO7ylsfjze4Ps7Lmr_SjI2FH3-R5pIh55UxkmQQaMjaw596R4Albz-dugd_rDSduIaSjseCAgrn39PhmUxplnWUiXvWSdHJGGR4yDtTyJZsi-cdR7LQcvU50fHldXdQY-udVtXEF9g3q_POw3-Y1Pg6NQtnsFFzAux2o063ulijOJx11-gOsIKKawAAAAA&shmds=v1_ATWGeeMwtSm62iPjs1Rot3uWm5iLLgzSY_D03fLaJfauvTBllQ&source=sh/x/job/li/m1/1#fpstate=tldetail&htivrt=jobs&htiq=Software+Developer+India&htidocid=VI-MbHPQhG2VnF23AAAAAA%3D%3D,1 day ago,Not specified,"Introduction At MBIG, we believe in building long-term relationships and working closely with clients across industries to accelerate their digital transformation journeys. You will collaborate with innovators and visionary teams to deliver impactful solutions using Microsoft technologies, Cloud, and AI. Your role at MBIG will challenge you to thin",Google Jobs,Full–time,50f471b4,0.8
Google Jobs,Software Developer - Java Full Stack Developer,Dassault Systèmes,"Bengaluru, Karnataka",https://www.google.com/search?ibp=htl;jobs&q=Software+Developer+India&htidocid=5FokXgb1DfrRaQ17AAAAAA%3D%3D&hl=en-IN&shndl=37&shmd=H4sIAAAAAAAA_02NMQ6CQBAAY8sTrLYmCsbERjtDJNGSB5CFrIAct5fbBbHzD37C2i_4E18idjbTTCYTvGZBmvFZr-gJEhrIsCMPSzjigHDojYFMsWz_3Of-gAsXIIS-rIEtpMyVofmuVnWyjWMRE1WiqE0ZldzFbKngMZ4i-SGXero5g0r5erMaI2erMExQBHujkN1E38-OBBoLe7IVmt73Cziht6jY4hfMt86etQAAAA&shmds=v1_ATWGeePeguQ1JIpqZkEzG30XeYgQ-97F9xS2T0xWuZUFvr3PWg&source=sh/x/job/li/m1/1#fpstate=tldetail&htivrt=jobs&htiq=Software+Developer+India&htidocid=5FokXgb1DfrRaQ17AAAAAA%3D%3D,8 days ago,Not specified,"As part of our software application development team, you will be involved in challenging and exciting projects, supporting the team in the creation of outstanding enterprise solutions used by major customers across multiple industries.Role Des",Google Jobs,Full–time,fe7629c1,0.8
Google Jobs,Software UI Developer,Cisco,"Bengaluru, Karnataka",https://www.google.com/search?ibp=htl;jobs&q=Software+Developer+India&htidocid=Ww6TccHciBac0pXjAAAAAA%3D%3D&hl=en-IN&shndl=37&shmd=H4sIAAAAAAAA_xXMMQoCMRBAUWz3CIIwtUgigo12KohYivUyG8ZkNWZCZla39AB23tCTuDa_e796jypz4os-sRCcD7CjB0XOVOD7-sCVGxDC4gJwgj2zjzReB9UsK2tFovGiqK0zju-WEzXc2wHJP7WEYZojKtWL5bw3OfnpZNuKY2gTbCh5jF3pZnDEklDxhj-gg26ljwAAAA&shmds=v1_ATWGeePnb_h2reYhZiImMFtJqMgl4rEC6bg8KVsQBsJxh-JJ2g&source=sh/x/job/li/m1/1#fpstate=tldetail&htivrt=jobs&htiq=Software+Developer+India&htidocid=Ww6TccHciBac0pXjAAAAAA%3D%3D,27 days ago,Not specified,"Please note this posting is to advertise potential job opportunities. This exact role may not be open today but could open in the near future. When you apply, a Cisco representative may contact you directly if a relevant position opens. Develops software consistent with Cisco ‘Design Thinking Principles’ with a focus on simplification and UX (User ",Google Jobs,Full–time,f7e2efb8,0.8
Google Jobs,Senior Software Engineer ( Sr .Net Developer),Caterpillar,"Chennai, Tamil Nadu (+1 other)",https://www.google.com/search?ibp=htl;jobs&q=Software+Developer+India&htidocid=tbtVWa4Xk5FHksEDAAAAAA%3D%3D&hl=en-IN&shndl=37&shmd=H4sIAAAAAAAA_xWNOQ7CMBAARZsnUK2oACEbIdFAGY4uTeijJSy2kbNr2QZS8gdewbd4CaEZaYrRFJ9RcaiJnUSo5ZqfGAn2bBwTRZhCHUFVlGFHD_ISKM7g-3rDTc6QCGNrQRiOIsbTeGtzDmmjdUpemZQxu1a10mlhOkuvhyj90SQ7XILHTM1qvexVYDOflIPG4LzHCI6htMSMbgEn7JyHCi_3H7qEkS2sAAAA&shmds=v1_ATWGeeMhEk2IVSmhujqZQy2mnEepWMCmanGuXo0F-oo90AdmRA&source=sh/x/job/li/m1/1#fpstate=tldetail&htivrt=jobs&htiq=Software+Developer+India&htidocid=tbtVWa4Xk5FHksEDAAAAAA%3D%3D,2 days ago,Not specified,"Career Area: Technology, Digital and Data Job Description: Your Work Shapes the World at Caterpillar Inc. When you join Caterpillar, you're joining a global team who cares not just about the work we do – but also about each other. We are the makers, problem solvers, and future world builders who are creating stronger, more sustainable communities. ",Google Jobs,Full–time,37866259,0.8
Google Jobs,"Software Developers for AI-Driven Projects (Europe, Remote)",MobileShifts,"Gandhinagar, Gujarat",https://www.google.com/search?ibp=htl;jobs&q=Software+Developer+India&htidocid=ZKcG28SVCnbjJ_ELAAAAAA%3D%3D&hl=en-IN&shndl=37&shmd=H4sIAAAAAAAA_xWNPW7CQBBGldZHSDUFRYKMjSKlgQoJZFEgIaBHYzP2rrXsWDPDT8kdOA3X4STZNK_63vey10d22HNrNxSCJV0p8ECi0LLAYj1Zir9ShK1wT40pfK0ukgY57OjMRt_wfjyh5xqUUBoHHKFi7gJ9zp3ZoLOyVA1Fp4bmm6Lhc8mRar6XSdJ_HNWl9BDQ6PjzO70XQ-zGow3XPtDe-TZFfTrFeHI-YoeSQ3XpUdD-AGRJcaa8AAAA&shmds=v1_ATWGeeNQtD_SqGb9lodlZA_RM28TznwSm0EcIPIJ181kwHQPEQ&source=sh/x/job/li/m1/1#fpstate=tldetail&htivrt=jobs&htiq=Software+Developer+India&htidocid=ZKcG28SVCnbjJ_ELAAAAAA%3D%3D,3 days ago,Not specified,"We are currently engaging experienced software developers from India (Remote) for ongoing and upcoming AI-driven projects with European companies. These projects focus on building production-level systems across AI, data platforms, and scalable cloud infrastructure. Work is fully remote, with international teams and long-term opportunities. We are ",Google Jobs,Internship,cfd2f642,0.8
Google Jobs,Software Developer,Versigent,"Pimpri-Chinchwad, Maharashtra",https://www.google.com/search?ibp=htl;jobs&q=Software+Developer+India&htidocid=FCS06pfL12ZtREt3AAAAAA%3D%3D&hl=en-IN&shndl=37&shmd=H4sIAAAAAAAA_xXMsQrCMBCAYVz7CE43V21EcNFRwUkQBNdyxjOJpLmQO2xH30HwAX0S6_Jv3199JtXszHftsRDs6UmRMxX4vt7w4CsIYbEeOMGB2UWabr1qlo0xIrFxoqjBNpY7w4muPJgRyT-t-PGYIyq1q_VyaHJydX2hIsFRUggJTqHLJSx2PiTre7zN4YgjQvFa8Acz969fmQAAAA&shmds=v1_ATWGeeO5OMsx1jrjZDZ0pxBatCGEnq69oouHbMxcEa58OhpCqQ&source=sh/x/job/li/m1/1#fpstate=tldetail&htivrt=jobs&htiq=Software+Developer+India&htidocid=FCS06pfL12ZtREt3AAAAAA%3D%3D,2 days ago,Not specified,"Role Overview We are seeking an experienced Software Developer to design, develop, and maintain Manufacturing Execution System (MES) application - Apriso. The ideal candidate will have strong expertise in .NET technologies, MS SQL, and integration with shop-floor systems. This role involves working closely with manufacturing, operations, and IT tea",Google Jobs,Full–time,22dfdc21,0.8
Google Jobs,Software Development Engineer 2,Adobe,"Noida, Uttar Pradesh",https://www.google.com/search?ibp=htl;jobs&q=Software+Developer+India&htidocid=qj0pNc2atv3trGJpAAAAAA%3D%3D&hl=en-IN&shndl=37&shmd=H4sIAAAAAAAA_xXMsQrCMBCAYVz7CIJws0gjBUF0EhQ3EcS5XNsziaS5kDu0o-8g-IA-iXX5t-8vPpNifeGbPjET7OlBgVNPUeEQrY9EGSr4vt5w5waEMLcOOMKR2Qaabp1qko0xIqG0oqi-LVvuDUdqeDAjkn9qceM-BVSqq9VyKFO089mu44bARzix73ABV1XMcM7YkbgfAKb2e5kAAAA&shmds=v1_ATWGeeOOyj7o1YGlqahEUgeH2shFquh7QzG0BJwLkVwMHhQwdQ&source=sh/x/job/li/m1/1#fpstate=tldetail&htivrt=jobs&htiq=Software+Developer+India&htidocid=qj0pNc2atv3trGJpAAAAAA%3D%3D,16 hours ago,Not specified,"JOB LEVEL P20EMPLOYEE ROLE Individual Contributor Become a part of our group as a Software Development Engineer 2 At Adobe, we pride ourselves on encouraging a culture that values creativity, collaboration, and excellence. As a Software Development Engineer 2, you will be part of an ambitious team that is committed to delivering world-class softwar",Google Jobs,Full–time,a511c3b7,0.8
Google Jobs,Senior Software Developer,Nokia Corporation,India,https://www.google.com/search?ibp=htl;jobs&q=Software+Developer+India&htidocid=Uw0LowBoPKhrIbE1AAAAAA%3D%3D&hl=en-IN&shndl=37&shmd=H4sIAAAAAAAA_xXMsQ3CMBBGYdFmhFRXU8QoEg2UICEamgwQOeawDca_5bMgJQtQsSGTYJrXfa95L5p-4OiRacClPHVm2vODAxJn-r4-dMVEwjobR4h0AGzgdutKSbJRSiR0Voou3nQGd4XIE2ZVkfwziqvHFHThsV-v5i5Fu2xPuHlNO-SEXGXd-kjHePb6BwNYBq-QAAAA&shmds=v1_ATWGeeO9cxneWqAM8rmIRjVH8zEJI_6HRSZ6GiaHKuFwfW7xxw&source=sh/x/job/li/m1/1#fpstate=tldetail&htivrt=jobs&htiq=Software+Developer+India&htidocid=Uw0LowBoPKhrIbE1AAAAAA%3D%3D,8 days ago,Not specified,Lead & perform development activities of medium/high complexity features. Create design specs - basic/small scope/less complex. Support peers in completing tasks within own area(s) of expertise. Lead technical discussions with peers for resolving identified issues in own area(s) of expertise. Improves existing processes & solutions. Owns small/medi,Google Jobs,Full–time,01080f5b,0.8
Google Jobs,Software Engineer (Bluetooth Low Energy),Sisha Greentech,"Noida, Uttar Pradesh",https://www.google.com/search?ibp=htl;jobs&q=Software+Developer+jobs+India&htidocid=gfkDr8mvx_mVYOD0AAAAAA%3D%3D&hl=en-IN&shndl=37&shmd=H4sIAAAAAAAA_xWNPQrCQBBGsc0RrKbzB8mKYKOVgqQREYJ12CTj7sq6E3ZGEjvv4Cm8lidxbV7x4H1f9hllu5Ku0uuIcAjGBcQI071_oBCJhSP1yWM0zxl8X2-4UQ2MOjYWKEBBZDyOt1ak441SzD43LFpckzd0VxSwpkGliP-o2KafzmvBarVeDnkXzHxSuqShiIhBMO26ACdyrV7ARURHOEfdItsfQY_h1qwAAAA&shmds=v1_ATWGeeP-JtdagLSDqsUQ3fHe6baKrW_uCICd7uWn10QT8Raayg&source=sh/x/job/li/m1/1#fpstate=tldetail&htivrt=jobs&htiq=Software+Developer+jobs+India&htidocid=gfkDr8mvx_mVYOD0AAAAAA%3D%3D,1 day ago,Not specified,"Job Title: Software Developer Location: Sector 63, Noida Experience Level: 3-5 Years Employment Type: Full-Time About the Role: We are seeking a passionate and skilled Software Developer with 3-5 years of experience in mobile app development and Nordic system. The ideal candidate will have hands-on experience with React Native, Java, Swift and work",Google Jobs,Full–time,816ea041,0.8
Google Jobs,Software Developer IV (Backend),Accelon Consulting,"Pune, Maharashtra",https://www.google.com/search?ibp=htl;jobs&q=Software+Developer+jobs+India&htidocid=pxORjCh4oP0kfFl3AAAAAA%3D%3D&hl=en-IN&shndl=37&shmd=H4sIAAAAAAAA_xWNOwoCMRBAsd0jWE3nB9mIIIhWfkAsBEGwXbJxTFbjzJLJ6pbewQt4Nk9ibF733ss-nWx25Et86oCwwQd6rjHA7gT9lTY3pPMAvq83XLkEQR2MAybYMluP3YWLsZa5UiI-txJ1rExu-K6YsORWJUn-KMSlfO11xGIyHbd5TXbYWxqTbgRrJml8rMhCRXBoCEew18nQ4mLQP0UTMLKjAAAA&shmds=v1_ATWGeeO7P9lB8R8O6qqrdCom-A8ZoEGLgDlr2pNpvVpH9341Iw&source=sh/x/job/li/m1/1#fpstate=tldetail&htivrt=jobs&htiq=Software+Developer+jobs+India&htidocid=pxORjCh4oP0kfFl3AAAAAA%3D%3D,5 days ago,Not specified,"[{""Remote_Job"":false , ""Posting_Title"":""Software Developer IV (Backend)"" , ""Is_Locked"":false , ""City"":""Pune City"" , ""Job_Code"":""AC_AD9337"" , ""Industry"":""Technology"" , ""Job_Description"":"" **Experience: 7-10 years of overall experience. 6+ years of relevant experience. Backend Software Developer with 7-10 years of experience. **Responsibilities Parti",Google Jobs,Full–time,0e119925,0.8
Google Jobs,Senior Software Engineer - Data Engineer,ZS,"Pune, Maharashtra",https://www.google.com/search?ibp=htl;jobs&q=Software+Developer+jobs+India&htidocid=kUg79DufwY0i7ETDAAAAAA%3D%3D&hl=en-IN&shndl=37&shmd=H4sIAAAAAAAA_0WNMQrCQBBFsc0FBKupRbMi2GglKFaCkM4mTMK4u7LOhJ0RU3oHK6_nSYyVzYcH7_GL96jYVsRRMlRysQdmgj37yEQZ5rBDwz9_ni-4SgNKmNsAwnAQ8Ykmm2DW6do51VR6NbTYlq3cnDA10rsh0t_UGoaDLqFRvVwt-rJjPx2fK4gMpzvTDI44GKjBMn4B4SNv-JwAAAA&shmds=v1_ATWGeeNde2K0Dk_07AY_G-TBicH7jiV198xuvZRdvb3ug2VzSg&source=sh/x/job/li/m1/1#fpstate=tldetail&htivrt=jobs&htiq=Software+Developer+jobs+India&htidocid=kUg79DufwY0i7ETDAAAAAA%3D%3D,1 month ago,Not specified,"ZS is a place where passion changes lives. As a management consulting and technology firm focused on improving life and how we live it, we transform ideas into impact by bringing together data, science, technology and human ingenuity to deliver better outcomes for all. Here you’ll work side-by-side with a powerful collective of thinkers and experts",Google Jobs,Full–time,cd6f047a,0.8
